id;street_address;postal_code;city;state_province
1;Ports Manager Fish;Networked;East Nayeli;payment calculating
2;local area network Benin;turn-key dedicated;New Watsonshire;Cambridgeshire Investor
3;cross-platform Borders;Libyan Dinar CSS;Lake Jessyburgh;Shoes deposit
4;Representative;Response Human;Lake Adrienne;Tactics architectures Planner
5;Facilitator Incredible functionalities;compressing;South Ceasar;Maryland Configuration
6;Intranet Ergonomic Concrete Soap Zambian Kwacha;Concrete Bedfordshire;Hammesmouth;Belize Dollar Sudanese Pound real-time
7;protocol;open-source HDD;Bodeport;Borders
8;olive Handcrafted Cotton Bacon Unbranded Fresh Pants;incubate;South Kobyfurt;implementation
9;Wallis and Futuna;generating;Bartellberg;Licensed Plastic Pants
10;Plastic South Georgia and the South Sandwich Islands;composite Orchestrator Club;Bechtelarville;relationships Philippine Peso
