id;title;description
1;hack;leading-edge
2;Ergonomic Steel Gloves;Developer Shoes Music
3;Buckinghamshire Hollow Shoes;withdrawal Generic Frozen Tuna
4;Gorgeous Cotton Chair Personal Loan Account Borders;Norfolk Island Chilean Peso Unidades de fomento Checking Account
5;invoice Outdoors New York;multi-byte Jamaican Dollar North Carolina
6;Station;parsing Investment Account
7;Branding Dynamic black;yellow
8;Books Generic;robust withdrawal generate
9;Garden open-source hybrid;Solomon Islands Dollar
10;Personal Loan Account HTTP;schemas Specialist China
